user_id,age_group,preferred_service_type,avg_budget,preferred_time_slot,repeat_user_flag,persona
U0001,18-24,Pedicure,46.9,Weekend,1,Weekend
U0002,18-24,Manicure,21.83,Evening,1,Quick
U0003,25-34,Coloring,49.83,Morning,1,Distance-sensitive
U0004,18-24,Spa,20.23,Weekend,1,Weekend
U0005,35-44,Haircut,15.79,Morning,0,Quick
U0006,35-44,Haircut,15.68,Evening,1,Quick
U0007,25-34,Coloring,94.99,Evening,1,Premium
U0008,35-44,Coloring,114.57,Evening,1,Premium
U0009,25-34,Haircut,20.1,Morning,0,Quick
U0010,45+,Pedicure,61.59,Weekend,0,Weekend
U0011,25-34,Haircut,38.56,Morning,0,Quick
U0012,45+,Pedicure,30.3,Morning,1,Quick
U0013,18-24,Coloring,120.66,Weekend,1,Premium
U0014,25-34,Pedicure,42.51,Afternoon,1,Distance-sensitive
U0015,35-44,Pedicure,23.07,Morning,1,Quick
U0016,25-34,Pedicure,79.64,Weekend,1,Weekend
U0017,45+,Spa,60.09,Evening,1,Premium
U0018,18-24,Manicure,19.51,Morning,1,Budget
U0019,18-24,Coloring,61.98,Weekend,1,Weekend
U0020,35-44,Coloring,40.16,Weekend,1,Weekend
U0021,25-34,Coloring,129.24,Evening,1,Premium
U0022,18-24,Manicure,24.75,Afternoon,1,Budget
U0023,35-44,Haircut,49.35,Weekend,0,Weekend
U0024,18-24,Coloring,37.49,Weekend,0,Weekend
U0025,18-24,Spa,149.35,Weekend,0,Premium
U0026,25-34,Manicure,22.31,Morning,1,Quick
U0027,25-34,Spa,83.61,Evening,1,Premium
U0028,25-34,Haircut,29.73,Morning,0,Quick
U0029,25-34,Haircut,33.25,Weekend,1,Weekend
U0030,25-34,Haircut,16.28,Afternoon,0,Budget
U0031,18-24,Spa,121.2,Weekend,1,Premium
U0032,18-24,Pedicure,41.03,Evening,1,Distance-sensitive
U0033,25-34,Coloring,68.46,Weekend,0,Weekend
U0034,18-24,Pedicure,39.68,Evening,1,Distance-sensitive
U0035,45+,Manicure,13.39,Afternoon,1,Budget
U0036,25-34,Pedicure,45.26,Evening,1,Distance-sensitive
U0037,25-34,Pedicure,36.96,Morning,1,Quick
U0038,18-24,Coloring,134.47,Evening,0,Premium
U0039,25-34,Pedicure,63.58,Weekend,1,Weekend
U0040,18-24,Coloring,28.71,Weekend,0,Weekend
U0041,35-44,Spa,94.1,Weekend,1,Premium
U0042,25-34,Manicure,23.33,Morning,1,Budget
U0043,18-24,Haircut,23.3,Morning,1,Quick
U0044,18-24,Manicure,28.7,Morning,0,Quick
U0045,25-34,Haircut,28.86,Afternoon,1,Budget
U0046,35-44,Haircut,26.43,Morning,0,Budget
U0047,35-44,Pedicure,17.37,Evening,1,Quick
U0048,18-24,Manicure,35.12,Morning,0,Quick
U0049,45+,Manicure,15.26,Afternoon,1,Budget
U0050,25-34,Haircut,17.94,Morning,1,Budget
U0051,35-44,Spa,144.43,Evening,1,Premium
U0052,25-34,Spa,47.4,Evening,0,Distance-sensitive
U0053,25-34,Manicure,52.98,Weekend,1,Weekend
U0054,25-34,Manicure,59.37,Morning,1,Distance-sensitive
U0055,25-34,Pedicure,35.47,Morning,1,Distance-sensitive
U0056,25-34,Spa,103.29,Weekend,1,Premium
U0057,25-34,Manicure,15.73,Morning,0,Budget
U0058,35-44,Manicure,64.3,Weekend,0,Weekend
U0059,35-44,Spa,41.79,Morning,1,Distance-sensitive
U0060,35-44,Spa,45.27,Weekend,1,Weekend
U0061,25-34,Haircut,16.08,Morning,0,Quick
U0062,18-24,Manicure,53.51,Morning,0,Distance-sensitive
U0063,45+,Pedicure,36.18,Weekend,1,Weekend
U0064,25-34,Haircut,33.8,Afternoon,0,Distance-sensitive
U0065,25-34,Spa,76.01,Weekend,1,Premium
U0066,18-24,Manicure,25.64,Afternoon,0,Budget
U0067,25-34,Haircut,16.81,Morning,1,Budget
U0068,35-44,Manicure,33.66,Morning,1,Distance-sensitive
U0069,18-24,Spa,70.44,Weekend,0,Premium
U0070,25-34,Pedicure,45.9,Weekend,1,Weekend
U0071,18-24,Haircut,27.02,Afternoon,1,Distance-sensitive
U0072,25-34,Haircut,34.48,Weekend,1,Weekend
U0073,18-24,Pedicure,20.13,Evening,1,Quick
U0074,35-44,Coloring,43.21,Morning,0,Distance-sensitive
U0075,18-24,Pedicure,35.06,Weekend,1,Weekend
U0076,18-24,Haircut,50.45,Weekend,1,Weekend
U0077,25-34,Haircut,29.9,Morning,1,Budget
U0078,25-34,Haircut,31.86,Evening,1,Quick
U0079,18-24,Spa,101.81,Evening,1,Premium
U0080,18-24,Pedicure,15.87,Morning,1,Quick
U0081,35-44,Manicure,16.02,Morning,1,Quick
U0082,25-34,Haircut,68.6,Weekend,1,Weekend
U0083,18-24,Manicure,27.81,Morning,1,Quick
U0084,25-34,Manicure,20.22,Weekend,0,Weekend
U0085,45+,Coloring,75.87,Weekend,1,Weekend
U0086,25-34,Manicure,16.14,Morning,1,Quick
U0087,45+,Manicure,27.28,Weekend,1,Weekend
U0088,25-34,Haircut,39.17,Evening,0,Distance-sensitive
U0089,25-34,Manicure,32.05,Evening,1,Quick
U0090,35-44,Pedicure,59.18,Evening,1,Distance-sensitive
U0091,35-44,Manicure,11.78,Morning,1,Budget
U0092,25-34,Coloring,66.57,Weekend,1,Weekend
U0093,35-44,Coloring,46.23,Morning,0,Distance-sensitive
U0094,25-34,Haircut,12.76,Afternoon,0,Budget
U0095,25-34,Manicure,36.38,Evening,0,Distance-sensitive
U0096,25-34,Spa,30.18,Evening,1,Distance-sensitive
U0097,45+,Coloring,45.25,Afternoon,1,Distance-sensitive
U0098,25-34,Haircut,21.89,Afternoon,1,Budget
U0099,45+,Manicure,35.87,Evening,0,Quick
U0100,25-34,Manicure,23.59,Afternoon,1,Budget
U0101,45+,Haircut,50.86,Morning,0,Distance-sensitive
U0102,25-34,Manicure,10.69,Morning,1,Budget
U0103,35-44,Manicure,18.11,Morning,0,Budget
U0104,35-44,Manicure,22.99,Weekend,1,Weekend
U0105,18-24,Manicure,25.38,Morning,1,Quick
U0106,45+,Manicure,24.15,Morning,1,Budget
U0107,35-44,Manicure,29.91,Evening,1,Quick
U0108,45+,Pedicure,40.6,Weekend,1,Weekend
U0109,45+,Coloring,65.08,Weekend,1,Premium
U0110,45+,Manicure,23.04,Afternoon,0,Budget
U0111,18-24,Coloring,144.57,Weekend,0,Premium
U0112,25-34,Spa,144.43,Evening,1,Premium
U0113,25-34,Manicure,19.41,Evening,1,Quick
U0114,25-34,Pedicure,43.49,Afternoon,1,Distance-sensitive
U0115,18-24,Manicure,31.51,Morning,0,Quick
U0116,18-24,Coloring,42.93,Weekend,0,Weekend
U0117,25-34,Haircut,36.87,Weekend,1,Weekend
U0118,25-34,Haircut,24.17,Morning,1,Budget
U0119,18-24,Coloring,111.59,Weekend,0,Premium
U0120,18-24,Spa,138.47,Weekend,1,Premium
U0121,25-34,Manicure,56.72,Weekend,1,Weekend
U0122,18-24,Spa,66.24,Weekend,0,Premium
U0123,45+,Spa,23.8,Afternoon,1,Distance-sensitive
U0124,18-24,Manicure,31.88,Evening,1,Quick
U0125,25-34,Coloring,142.01,Weekend,1,Premium
U0126,35-44,Coloring,87.18,Weekend,1,Premium
U0127,25-34,Coloring,108.98,Weekend,1,Premium
U0128,18-24,Haircut,39.93,Morning,0,Quick
U0129,25-34,Haircut,12.42,Afternoon,1,Budget
U0130,35-44,Spa,149.7,Evening,0,Premium
U0131,25-34,Coloring,108.42,Evening,1,Premium
U0132,18-24,Haircut,28.97,Afternoon,1,Budget
U0133,18-24,Haircut,72.56,Weekend,1,Weekend
U0134,18-24,Spa,38.04,Morning,0,Distance-sensitive
U0135,35-44,Coloring,98.19,Evening,1,Premium
U0136,45+,Coloring,62.45,Weekend,1,Premium
U0137,35-44,Coloring,55.49,Evening,1,Distance-sensitive
U0138,18-24,Spa,50.17,Weekend,1,Premium
U0139,18-24,Manicure,10.22,Afternoon,1,Budget
U0140,35-44,Manicure,61.28,Weekend,0,Weekend
U0141,45+,Coloring,102.56,Evening,0,Premium
U0142,18-24,Coloring,42.27,Morning,1,Distance-sensitive
U0143,18-24,Pedicure,33.48,Evening,1,Distance-sensitive
U0144,25-34,Coloring,78.23,Weekend,1,Premium
U0145,25-34,Haircut,55.44,Weekend,1,Weekend
U0146,25-34,Pedicure,45.05,Weekend,0,Weekend
U0147,25-34,Haircut,28.77,Morning,1,Budget
U0148,35-44,Manicure,25.67,Morning,1,Quick
U0149,35-44,Manicure,22.45,Afternoon,1,Budget
U0150,25-34,Haircut,34.45,Morning,1,Quick
U0151,45+,Manicure,29.58,Morning,1,Budget
U0152,35-44,Manicure,19.93,Morning,1,Budget
U0153,45+,Coloring,122.38,Weekend,0,Premium
U0154,25-34,Coloring,47.6,Weekend,0,Weekend
U0155,18-24,Coloring,70.71,Weekend,0,Premium
U0156,25-34,Haircut,25.95,Afternoon,1,Budget
U0157,35-44,Spa,114.28,Evening,1,Premium
U0158,25-34,Spa,59.96,Weekend,0,Weekend
U0159,25-34,Spa,31.95,Afternoon,0,Distance-sensitive
U0160,45+,Spa,68.97,Weekend,1,Premium
U0161,35-44,Spa,56.23,Afternoon,0,Distance-sensitive
U0162,35-44,Spa,56.05,Evening,0,Premium
U0163,25-34,Haircut,14.76,Morning,1,Budget
U0164,35-44,Pedicure,71.49,Weekend,0,Weekend
U0165,35-44,Coloring,75.57,Weekend,1,Premium
U0166,35-44,Manicure,21.31,Evening,0,Quick
U0167,45+,Manicure,57.64,Weekend,1,Weekend
U0168,35-44,Pedicure,38.96,Morning,1,Quick
U0169,25-34,Haircut,29.71,Evening,0,Distance-sensitive
U0170,18-24,Coloring,36.38,Afternoon,0,Distance-sensitive
U0171,18-24,Spa,58.42,Afternoon,0,Distance-sensitive
U0172,18-24,Coloring,31.45,Evening,1,Distance-sensitive
U0173,25-34,Coloring,70.75,Weekend,1,Premium
U0174,25-34,Coloring,125.39,Weekend,1,Premium
U0175,18-24,Coloring,98.92,Evening,1,Premium
U0176,25-34,Manicure,68.63,Weekend,0,Weekend
U0177,18-24,Haircut,27.47,Afternoon,1,Budget
U0178,18-24,Haircut,19.98,Afternoon,1,Budget
U0179,45+,Spa,53.62,Weekend,1,Weekend
U0180,18-24,Manicure,10.04,Afternoon,1,Budget
U0181,18-24,Spa,73.73,Evening,0,Premium
U0182,25-34,Manicure,63.81,Weekend,1,Weekend
U0183,18-24,Manicure,56.48,Evening,0,Distance-sensitive
U0184,45+,Manicure,20.13,Morning,1,Budget
U0185,18-24,Coloring,78.67,Weekend,1,Weekend
U0186,35-44,Spa,101.61,Weekend,1,Premium
U0187,45+,Pedicure,59.76,Evening,1,Distance-sensitive
U0188,35-44,Coloring,105.67,Evening,0,Premium
U0189,18-24,Coloring,117.66,Weekend,0,Premium
U0190,25-34,Manicure,13.79,Afternoon,0,Budget
U0191,25-34,Coloring,49.76,Morning,0,Distance-sensitive
U0192,35-44,Pedicure,48.08,Evening,1,Distance-sensitive
U0193,18-24,Coloring,75.98,Evening,1,Premium
U0194,35-44,Manicure,35.55,Evening,1,Quick
U0195,35-44,Manicure,13.96,Afternoon,1,Budget
U0196,25-34,Manicure,10.8,Morning,0,Budget
U0197,18-24,Haircut,28.01,Morning,0,Distance-sensitive
U0198,25-34,Coloring,55.98,Afternoon,0,Distance-sensitive
U0199,45+,Spa,76.27,Evening,1,Premium
U0200,18-24,Pedicure,16.58,Evening,1,Quick
U0201,18-24,Manicure,21,Morning,0,Budget
U0202,18-24,Manicure,25.09,Evening,1,Quick
U0203,18-24,Haircut,33.57,Morning,0,Quick
U0204,25-34,Pedicure,38.01,Evening,1,Quick
U0205,25-34,Coloring,141.71,Weekend,1,Premium
U0206,18-24,Manicure,40.56,Weekend,1,Weekend
U0207,25-34,Manicure,20.67,Morning,0,Quick
U0208,35-44,Coloring,73.9,Evening,0,Premium
U0209,18-24,Manicure,18.64,Afternoon,1,Budget
U0210,25-34,Haircut,18.16,Evening,0,Quick
U0211,25-34,Manicure,34.23,Morning,1,Quick
U0212,35-44,Spa,73.83,Weekend,1,Premium
U0213,45+,Haircut,45.67,Morning,0,Distance-sensitive
U0214,25-34,Spa,49.03,Weekend,0,Weekend
U0215,35-44,Spa,32.59,Evening,1,Distance-sensitive
U0216,18-24,Manicure,20.55,Morning,0,Budget
U0217,18-24,Pedicure,22.02,Evening,1,Quick
U0218,35-44,Manicure,33.48,Morning,1,Distance-sensitive
U0219,18-24,Coloring,70.96,Weekend,0,Weekend
U0220,45+,Pedicure,20.37,Evening,1,Quick
U0221,18-24,Coloring,64.36,Weekend,0,Weekend
U0222,18-24,Haircut,25.45,Morning,0,Budget
U0223,25-34,Haircut,26.28,Evening,1,Quick
U0224,18-24,Haircut,24.4,Evening,1,Quick
U0225,35-44,Haircut,11.59,Morning,1,Budget
U0226,18-24,Coloring,71.01,Weekend,0,Premium
U0227,45+,Manicure,38.65,Morning,0,Quick
U0228,18-24,Manicure,39.98,Morning,1,Quick
U0229,45+,Haircut,60.21,Weekend,1,Weekend
U0230,18-24,Coloring,45.75,Weekend,1,Weekend
U0231,18-24,Manicure,23.28,Morning,1,Budget
U0232,25-34,Coloring,34.45,Afternoon,0,Distance-sensitive
U0233,18-24,Spa,50.56,Morning,0,Distance-sensitive
U0234,35-44,Haircut,40.55,Evening,1,Distance-sensitive
U0235,35-44,Pedicure,31.32,Evening,0,Quick
U0236,18-24,Pedicure,27.8,Evening,1,Quick
U0237,45+,Pedicure,18.94,Evening,1,Quick
U0238,18-24,Spa,67.4,Weekend,0,Premium
U0239,25-34,Pedicure,18.65,Evening,1,Quick
U0240,18-24,Haircut,26.3,Morning,0,Quick
U0241,45+,Spa,25.42,Morning,0,Distance-sensitive
U0242,35-44,Manicure,28.42,Evening,1,Quick
U0243,45+,Haircut,26.08,Morning,0,Quick
U0244,25-34,Spa,65.75,Weekend,0,Weekend
U0245,18-24,Haircut,33.74,Evening,1,Quick
U0246,35-44,Spa,137.48,Evening,0,Premium
U0247,18-24,Haircut,50.43,Morning,0,Distance-sensitive
U0248,18-24,Coloring,149.38,Evening,0,Premium
U0249,35-44,Manicure,14.76,Morning,0,Budget
U0250,35-44,Spa,139.26,Weekend,0,Premium
U0251,18-24,Pedicure,18.83,Evening,0,Quick
U0252,18-24,Manicure,29.88,Morning,1,Budget
U0253,25-34,Spa,61.79,Evening,0,Premium
U0254,35-44,Haircut,23.66,Evening,1,Quick
U0255,25-34,Coloring,21.32,Weekend,1,Weekend
U0256,25-34,Manicure,27.51,Afternoon,1,Budget
U0257,45+,Haircut,27.54,Evening,0,Distance-sensitive
U0258,18-24,Haircut,40.58,Evening,1,Distance-sensitive
U0259,25-34,Haircut,28.82,Morning,1,Budget
U0260,35-44,Spa,68.26,Weekend,0,Premium
U0261,45+,Spa,79.99,Weekend,1,Premium
U0262,35-44,Manicure,26.72,Afternoon,0,Budget
U0263,35-44,Spa,40.19,Morning,0,Distance-sensitive
U0264,25-34,Manicure,21.18,Afternoon,1,Distance-sensitive
U0265,18-24,Haircut,23.21,Afternoon,0,Budget
U0266,18-24,Haircut,19.08,Morning,1,Budget
U0267,18-24,Haircut,21.69,Weekend,1,Weekend
U0268,25-34,Coloring,34.41,Weekend,0,Weekend
U0269,25-34,Pedicure,39.69,Evening,0,Quick
U0270,18-24,Manicure,16.92,Evening,0,Quick
U0271,25-34,Coloring,52.24,Morning,1,Distance-sensitive
U0272,18-24,Haircut,34.66,Evening,1,Quick
U0273,25-34,Manicure,59.66,Evening,1,Distance-sensitive
U0274,35-44,Manicure,15.63,Morning,1,Budget
U0275,35-44,Pedicure,29.9,Weekend,1,Weekend
U0276,18-24,Pedicure,34.61,Weekend,1,Weekend
U0277,25-34,Manicure,22.75,Morning,1,Budget
U0278,18-24,Coloring,24.19,Weekend,1,Weekend
U0279,35-44,Manicure,13.8,Morning,0,Budget
U0280,35-44,Haircut,22.98,Evening,1,Quick
U0281,18-24,Manicure,22.28,Morning,1,Budget
U0282,25-34,Manicure,24.13,Morning,0,Quick
U0283,35-44,Manicure,33.1,Evening,1,Quick
U0284,45+,Manicure,38.19,Morning,1,Quick
U0285,25-34,Manicure,17.98,Morning,1,Budget
U0286,18-24,Coloring,101.15,Weekend,0,Premium
U0287,25-34,Haircut,41.52,Evening,0,Distance-sensitive
U0288,25-34,Spa,75.39,Weekend,0,Weekend
U0289,18-24,Spa,124.95,Evening,1,Premium
U0290,35-44,Manicure,21.47,Afternoon,1,Budget
U0291,18-24,Spa,61.49,Weekend,0,Weekend
U0292,35-44,Coloring,24.59,Evening,0,Distance-sensitive
U0293,25-34,Spa,44.34,Weekend,0,Weekend
U0294,18-24,Spa,143.5,Evening,1,Premium
U0295,18-24,Manicure,49.04,Morning,1,Distance-sensitive
U0296,18-24,Haircut,13.41,Afternoon,1,Budget
U0297,45+,Manicure,10.32,Afternoon,1,Budget
U0298,35-44,Spa,136.63,Weekend,0,Premium
U0299,18-24,Manicure,21.11,Morning,1,Budget
U0300,25-34,Pedicure,19.24,Evening,1,Quick
U0301,18-24,Manicure,30.63,Evening,0,Quick
U0302,35-44,Haircut,16.34,Morning,0,Budget
U0303,35-44,Spa,116.56,Evening,1,Premium
U0304,25-34,Manicure,28.82,Afternoon,0,Budget
U0305,25-34,Spa,99.14,Weekend,0,Premium
U0306,25-34,Coloring,94.85,Evening,0,Premium
U0307,18-24,Haircut,29.48,Morning,1,Budget
U0308,35-44,Haircut,28.82,Weekend,0,Weekend
U0309,25-34,Coloring,78.6,Weekend,0,Weekend
U0310,18-24,Haircut,26.45,Morning,0,Budget
U0311,25-34,Spa,106.77,Evening,0,Premium
U0312,18-24,Coloring,141.04,Evening,0,Premium
U0313,25-34,Pedicure,38.07,Weekend,0,Weekend
U0314,18-24,Manicure,47.27,Afternoon,1,Distance-sensitive
U0315,45+,Manicure,56.62,Weekend,1,Weekend
U0316,18-24,Pedicure,29.02,Afternoon,0,Distance-sensitive
U0317,25-34,Haircut,29.61,Morning,1,Budget
U0318,35-44,Spa,133.69,Evening,1,Premium
U0319,25-34,Manicure,28.99,Morning,0,Quick
U0320,25-34,Manicure,21.96,Morning,1,Budget
U0321,18-24,Haircut,28.61,Morning,0,Budget
U0322,45+,Manicure,21.75,Weekend,1,Weekend
U0323,18-24,Manicure,20.38,Morning,1,Quick
U0324,25-34,Spa,90.24,Weekend,0,Premium
U0325,18-24,Manicure,11.98,Morning,1,Budget
U0326,45+,Spa,47.68,Weekend,1,Weekend
U0327,35-44,Haircut,53.45,Weekend,1,Weekend
U0328,25-34,Spa,118.16,Evening,0,Premium
U0329,18-24,Spa,59.28,Afternoon,1,Distance-sensitive
U0330,35-44,Haircut,10.53,Afternoon,1,Budget
U0331,18-24,Spa,72.81,Evening,1,Premium
U0332,18-24,Haircut,39.08,Afternoon,1,Distance-sensitive
U0333,25-34,Manicure,26.25,Afternoon,1,Budget
U0334,18-24,Manicure,20.34,Morning,1,Distance-sensitive
U0335,45+,Manicure,25.26,Morning,1,Budget
U0336,18-24,Manicure,34.48,Evening,1,Quick
U0337,18-24,Haircut,22.87,Evening,1,Quick
U0338,25-34,Coloring,126.5,Weekend,1,Premium
U0339,25-34,Coloring,148.1,Weekend,0,Premium
U0340,25-34,Haircut,22.23,Afternoon,1,Budget
U0341,25-34,Spa,114.58,Weekend,1,Premium
U0342,25-34,Haircut,25,Morning,1,Quick
U0343,35-44,Spa,53.67,Evening,1,Distance-sensitive
U0344,25-34,Manicure,15.11,Afternoon,1,Budget
U0345,45+,Haircut,38.09,Afternoon,0,Distance-sensitive
U0346,25-34,Manicure,22.68,Afternoon,1,Budget
U0347,18-24,Coloring,70.83,Weekend,0,Premium
U0348,18-24,Coloring,44.42,Afternoon,0,Distance-sensitive
U0349,18-24,Haircut,27.11,Weekend,0,Weekend
U0350,25-34,Spa,65.28,Evening,1,Premium
U0351,45+,Haircut,23.61,Afternoon,1,Distance-sensitive
U0352,25-34,Spa,137.03,Evening,0,Premium
U0353,25-34,Haircut,29.65,Morning,1,Budget
U0354,45+,Coloring,59.37,Afternoon,0,Distance-sensitive
U0355,25-34,Manicure,23.83,Afternoon,1,Budget
U0356,25-34,Manicure,26.33,Morning,0,Budget
U0357,25-34,Haircut,17.64,Afternoon,0,Budget
U0358,35-44,Manicure,16.24,Morning,1,Budget
U0359,18-24,Manicure,38.71,Morning,1,Distance-sensitive
U0360,45+,Haircut,26.56,Afternoon,1,Budget
U0361,25-34,Pedicure,20.41,Weekend,1,Weekend
U0362,45+,Spa,37.8,Afternoon,0,Distance-sensitive
U0363,18-24,Spa,146.31,Weekend,1,Premium
U0364,35-44,Pedicure,19.85,Evening,0,Quick
U0365,35-44,Coloring,111.16,Weekend,1,Premium
U0366,25-34,Manicure,61.52,Weekend,0,Weekend
U0367,25-34,Haircut,74.75,Weekend,0,Weekend
U0368,18-24,Manicure,43.35,Weekend,1,Weekend
U0369,25-34,Coloring,148.94,Evening,0,Premium
U0370,25-34,Coloring,41.28,Afternoon,0,Distance-sensitive
U0371,25-34,Pedicure,71.83,Weekend,1,Weekend
U0372,35-44,Manicure,21.17,Morning,0,Budget
U0373,18-24,Coloring,98.1,Weekend,0,Premium
U0374,35-44,Coloring,55.75,Weekend,0,Weekend
U0375,18-24,Manicure,59.23,Weekend,0,Weekend
U0376,45+,Spa,68.02,Weekend,0,Premium
U0377,18-24,Manicure,15.7,Morning,1,Quick
U0378,35-44,Manicure,18.34,Morning,1,Budget
U0379,35-44,Haircut,17.08,Morning,1,Quick
U0380,35-44,Manicure,23.06,Evening,1,Quick
U0381,45+,Coloring,119.43,Weekend,1,Premium
U0382,25-34,Haircut,79.78,Weekend,0,Weekend
U0383,25-34,Manicure,22.19,Morning,1,Distance-sensitive
U0384,45+,Pedicure,22.43,Evening,1,Quick
U0385,35-44,Haircut,18.04,Afternoon,1,Budget
U0386,25-34,Manicure,26,Weekend,1,Weekend
U0387,18-24,Haircut,24.73,Afternoon,1,Distance-sensitive
U0388,18-24,Pedicure,16.95,Evening,1,Quick
U0389,18-24,Manicure,27.29,Morning,0,Budget
U0390,25-34,Spa,46.55,Afternoon,0,Distance-sensitive
U0391,18-24,Manicure,19.48,Morning,0,Quick
U0392,25-34,Coloring,68.52,Weekend,0,Premium
U0393,18-24,Spa,80.58,Evening,1,Premium
U0394,35-44,Haircut,21.31,Evening,1,Quick
U0395,35-44,Haircut,37.1,Morning,1,Quick
U0396,25-34,Manicure,32.63,Weekend,1,Weekend
U0397,18-24,Haircut,31.59,Evening,1,Distance-sensitive
U0398,45+,Spa,136.21,Evening,1,Premium
U0399,35-44,Spa,96.54,Weekend,1,Premium
U0400,45+,Haircut,23.4,Evening,1,Distance-sensitive
U0401,25-34,Coloring,29.68,Weekend,1,Weekend
U0402,18-24,Coloring,26.7,Weekend,1,Weekend
U0403,25-34,Haircut,24.36,Afternoon,0,Budget
U0404,45+,Coloring,106.53,Weekend,0,Premium
U0405,35-44,Pedicure,17.96,Morning,1,Quick
U0406,35-44,Manicure,17.17,Morning,1,Budget
U0407,25-34,Spa,72.88,Evening,0,Premium
U0408,25-34,Haircut,23.38,Afternoon,1,Budget
U0409,35-44,Manicure,26.37,Afternoon,1,Budget
U0410,18-24,Manicure,15.66,Afternoon,0,Budget
U0411,35-44,Manicure,35.81,Evening,0,Quick
U0412,25-34,Manicure,19.1,Morning,0,Quick
U0413,18-24,Pedicure,30.13,Weekend,0,Weekend
U0414,35-44,Manicure,23.91,Morning,0,Budget
U0415,25-34,Haircut,28.19,Morning,0,Budget
U0416,25-34,Pedicure,42.23,Weekend,0,Weekend
U0417,45+,Coloring,48.48,Evening,1,Distance-sensitive
U0418,25-34,Coloring,51.57,Morning,1,Distance-sensitive
U0419,18-24,Spa,55.19,Evening,1,Premium
U0420,25-34,Spa,79.06,Weekend,0,Premium
U0421,18-24,Manicure,71.93,Weekend,1,Weekend
U0422,25-34,Coloring,40.4,Evening,1,Distance-sensitive
U0423,45+,Manicure,14.89,Morning,1,Budget
U0424,25-34,Pedicure,27.35,Morning,0,Quick
U0425,35-44,Coloring,131.09,Evening,1,Premium
U0426,45+,Spa,118.09,Evening,1,Premium
U0427,45+,Haircut,15.51,Morning,1,Budget
U0428,25-34,Manicure,41.32,Morning,0,Distance-sensitive
U0429,25-34,Spa,137.64,Evening,1,Premium
U0430,25-34,Coloring,68.48,Weekend,1,Premium
U0431,35-44,Haircut,21.57,Afternoon,0,Distance-sensitive
U0432,35-44,Haircut,52.69,Morning,1,Distance-sensitive
U0433,25-34,Coloring,24.35,Evening,0,Distance-sensitive
U0434,35-44,Haircut,19.68,Afternoon,0,Budget
U0435,18-24,Manicure,16.7,Afternoon,1,Budget
U0436,25-34,Haircut,68.35,Weekend,0,Weekend
U0437,35-44,Spa,129.01,Evening,0,Premium
U0438,35-44,Spa,147.82,Evening,1,Premium
U0439,18-24,Coloring,79.38,Evening,0,Premium
U0440,45+,Coloring,24.84,Evening,1,Distance-sensitive
U0441,25-34,Manicure,17.87,Evening,1,Quick
U0442,25-34,Coloring,114.96,Weekend,0,Premium
U0443,18-24,Haircut,43.01,Weekend,1,Weekend
U0444,18-24,Manicure,23.13,Morning,0,Distance-sensitive
U0445,25-34,Haircut,32.06,Evening,1,Distance-sensitive
U0446,18-24,Haircut,66.76,Weekend,0,Weekend
U0447,25-34,Pedicure,69.39,Weekend,1,Weekend
U0448,35-44,Spa,117.16,Weekend,1,Premium
U0449,25-34,Haircut,24.02,Afternoon,1,Distance-sensitive
U0450,18-24,Haircut,25.24,Morning,0,Budget
U0451,35-44,Coloring,32.99,Weekend,1,Weekend
U0452,25-34,Manicure,33.36,Evening,1,Quick
U0453,25-34,Coloring,53.15,Weekend,1,Weekend
U0454,25-34,Haircut,27.53,Afternoon,1,Budget
U0455,25-34,Pedicure,34.67,Morning,0,Quick
U0456,45+,Pedicure,24.55,Evening,0,Quick
U0457,18-24,Manicure,64.51,Weekend,1,Weekend
U0458,45+,Coloring,75.26,Weekend,0,Premium
U0459,18-24,Pedicure,20.63,Evening,1,Quick
U0460,45+,Coloring,132.82,Weekend,0,Premium
U0461,25-34,Manicure,37.67,Evening,0,Distance-sensitive
U0462,25-34,Haircut,35.72,Morning,1,Quick
U0463,18-24,Coloring,39.57,Weekend,1,Weekend
U0464,35-44,Coloring,84.42,Weekend,0,Premium
U0465,35-44,Coloring,75.07,Weekend,1,Premium
U0466,35-44,Haircut,27.34,Morning,0,Budget
U0467,25-34,Coloring,131.8,Evening,1,Premium
U0468,45+,Spa,38.36,Evening,1,Distance-sensitive
U0469,25-34,Haircut,12.64,Afternoon,1,Budget
U0470,25-34,Haircut,54.9,Afternoon,0,Distance-sensitive
U0471,25-34,Spa,57.05,Weekend,1,Premium
U0472,35-44,Spa,84.82,Weekend,1,Premium
U0473,35-44,Spa,60.32,Weekend,0,Weekend
U0474,25-34,Manicure,49.32,Weekend,1,Weekend
U0475,18-24,Spa,57.88,Weekend,0,Weekend
U0476,25-34,Manicure,43.89,Afternoon,1,Distance-sensitive
U0477,18-24,Coloring,88.45,Evening,1,Premium
U0478,18-24,Manicure,29.07,Morning,1,Budget
U0479,45+,Pedicure,40.96,Weekend,1,Weekend
U0480,25-34,Manicure,71.78,Weekend,0,Weekend
U0481,45+,Coloring,79.05,Evening,1,Premium
U0482,18-24,Haircut,16.08,Afternoon,1,Budget
U0483,45+,Manicure,51.48,Weekend,1,Weekend
U0484,25-34,Coloring,146.61,Weekend,1,Premium
U0485,25-34,Haircut,27.34,Evening,0,Quick
U0486,18-24,Haircut,21.56,Weekend,1,Weekend
U0487,35-44,Haircut,25.02,Morning,0,Quick
U0488,45+,Haircut,78.13,Weekend,1,Weekend
U0489,25-34,Pedicure,40.96,Evening,1,Distance-sensitive
U0490,45+,Spa,28.16,Evening,0,Distance-sensitive
U0491,45+,Coloring,23.11,Weekend,1,Weekend
U0492,35-44,Spa,23.21,Evening,0,Distance-sensitive
U0493,35-44,Haircut,39.5,Evening,0,Distance-sensitive
U0494,18-24,Coloring,47.12,Afternoon,0,Distance-sensitive
U0495,18-24,Spa,55.29,Weekend,0,Weekend
U0496,18-24,Spa,114.55,Weekend,1,Premium
U0497,35-44,Haircut,56.78,Morning,1,Distance-sensitive
U0498,25-34,Haircut,28.61,Morning,0,Quick
U0499,25-34,Haircut,77.13,Weekend,1,Weekend
U0500,35-44,Manicure,30.13,Morning,0,Quick
U0501,35-44,Pedicure,38.12,Morning,1,Quick
U0502,25-34,Spa,45.64,Afternoon,1,Distance-sensitive
U0503,35-44,Manicure,29.01,Morning,0,Quick
U0504,35-44,Haircut,16.07,Morning,0,Budget
U0505,25-34,Spa,146.6,Weekend,1,Premium
U0506,35-44,Coloring,90.09,Weekend,1,Premium
U0507,45+,Haircut,13.2,Morning,1,Budget
U0508,45+,Manicure,49.81,Weekend,0,Weekend
U0509,35-44,Haircut,19.4,Morning,1,Budget
U0510,18-24,Haircut,39.25,Evening,1,Quick
U0511,35-44,Haircut,79.86,Weekend,1,Weekend
U0512,25-34,Manicure,36.47,Morning,1,Quick
U0513,25-34,Coloring,129.9,Weekend,0,Premium
U0514,25-34,Coloring,126.76,Weekend,0,Premium
U0515,18-24,Haircut,28.33,Morning,0,Quick
U0516,25-34,Haircut,12.06,Afternoon,1,Budget
U0517,18-24,Pedicure,35.89,Morning,1,Quick
U0518,18-24,Manicure,18.93,Morning,1,Budget
U0519,18-24,Haircut,21.21,Evening,1,Quick
U0520,18-24,Haircut,47.61,Weekend,1,Weekend
U0521,35-44,Pedicure,32.05,Morning,1,Quick
U0522,25-34,Spa,75.87,Weekend,1,Premium
U0523,25-34,Coloring,56.28,Weekend,0,Weekend
U0524,25-34,Spa,40.55,Morning,1,Distance-sensitive
U0525,35-44,Manicure,24.42,Morning,0,Budget
U0526,45+,Manicure,11.57,Afternoon,1,Budget
U0527,25-34,Coloring,56.27,Evening,0,Premium
U0528,25-34,Coloring,48.25,Morning,1,Distance-sensitive
U0529,35-44,Haircut,29.3,Morning,1,Budget
U0530,25-34,Pedicure,76.5,Weekend,1,Weekend
U0531,18-24,Spa,52.53,Evening,1,Premium
U0532,18-24,Haircut,35.66,Weekend,1,Weekend
U0533,35-44,Manicure,34.72,Morning,1,Quick
U0534,25-34,Spa,59.86,Weekend,0,Weekend
U0535,35-44,Haircut,73.1,Weekend,1,Weekend
U0536,35-44,Manicure,70.2,Weekend,1,Weekend
U0537,18-24,Haircut,19.12,Morning,1,Budget
U0538,25-34,Haircut,38.02,Evening,1,Quick
U0539,25-34,Manicure,16.06,Morning,0,Budget
U0540,25-34,Pedicure,17.28,Evening,1,Quick
U0541,25-34,Spa,85.88,Evening,1,Premium
U0542,25-34,Haircut,23.64,Morning,1,Quick
U0543,18-24,Manicure,28.55,Morning,1,Quick
U0544,25-34,Manicure,16.83,Afternoon,1,Budget
U0545,25-34,Coloring,112.99,Evening,1,Premium
U0546,25-34,Spa,68.2,Weekend,1,Premium
U0547,18-24,Coloring,100.2,Weekend,1,Premium
U0548,25-34,Coloring,84.09,Evening,1,Premium
U0549,45+,Haircut,32.92,Morning,0,Quick
U0550,35-44,Pedicure,38.68,Morning,1,Quick
U0551,18-24,Pedicure,33.4,Weekend,1,Weekend
U0552,25-34,Manicure,45.1,Weekend,0,Weekend
U0553,35-44,Spa,20.82,Weekend,0,Weekend
U0554,35-44,Haircut,19.03,Afternoon,1,Budget
U0555,18-24,Spa,134.45,Weekend,1,Premium
U0556,25-34,Coloring,106.21,Evening,1,Premium
U0557,25-34,Pedicure,35.36,Morning,1,Quick
U0558,25-34,Spa,109.54,Evening,1,Premium
U0559,25-34,Haircut,46.46,Afternoon,1,Distance-sensitive
U0560,25-34,Coloring,39.27,Morning,1,Distance-sensitive
U0561,35-44,Haircut,14.06,Afternoon,0,Budget
U0562,25-34,Coloring,38.01,Weekend,0,Weekend
U0563,35-44,Coloring,37.81,Weekend,1,Weekend
U0564,25-34,Haircut,29.92,Evening,1,Distance-sensitive
U0565,25-34,Pedicure,31.44,Evening,1,Quick
U0566,18-24,Haircut,34.06,Evening,1,Quick
U0567,25-34,Pedicure,19.28,Morning,0,Quick
U0568,45+,Spa,72.09,Weekend,0,Premium
U0569,45+,Spa,128.98,Weekend,1,Premium
U0570,25-34,Manicure,18.63,Evening,1,Quick
U0571,25-34,Haircut,26.85,Morning,0,Budget
U0572,25-34,Pedicure,32.84,Weekend,1,Weekend
U0573,45+,Haircut,28.24,Morning,1,Distance-sensitive
U0574,18-24,Manicure,28.58,Weekend,1,Weekend
U0575,45+,Spa,94.72,Evening,1,Premium
U0576,18-24,Haircut,33.85,Morning,0,Quick
U0577,25-34,Haircut,21.33,Morning,0,Budget
U0578,25-34,Pedicure,55.61,Afternoon,1,Distance-sensitive
U0579,35-44,Spa,44.2,Afternoon,1,Distance-sensitive
U0580,18-24,Spa,137.43,Weekend,1,Premium
U0581,35-44,Manicure,27.81,Afternoon,1,Budget
U0582,18-24,Manicure,12.9,Afternoon,1,Budget
U0583,25-34,Spa,83.72,Weekend,0,Premium
U0584,18-24,Manicure,72.94,Weekend,0,Weekend
U0585,25-34,Haircut,13.83,Morning,0,Budget
U0586,25-34,Spa,145.67,Weekend,1,Premium
U0587,45+,Haircut,38.47,Morning,1,Quick
U0588,18-24,Spa,43.49,Weekend,1,Weekend
U0589,25-34,Haircut,43.01,Weekend,0,Weekend
U0590,25-34,Spa,23.62,Afternoon,1,Distance-sensitive
U0591,25-34,Pedicure,49.97,Weekend,1,Weekend
U0592,25-34,Haircut,58.29,Morning,0,Distance-sensitive
U0593,45+,Coloring,134.06,Evening,0,Premium
U0594,18-24,Coloring,96.49,Weekend,1,Premium
U0595,35-44,Coloring,54.87,Weekend,0,Premium
U0596,35-44,Haircut,22.67,Morning,0,Budget
U0597,35-44,Spa,77.98,Weekend,1,Premium
U0598,35-44,Haircut,15.56,Afternoon,1,Budget
U0599,18-24,Spa,106.95,Weekend,1,Premium
U0600,18-24,Coloring,85.32,Weekend,1,Premium
U0601,25-34,Manicure,12.4,Morning,1,Budget
U0602,45+,Manicure,12.94,Morning,1,Budget
U0603,18-24,Haircut,51.65,Morning,1,Distance-sensitive
U0604,25-34,Manicure,42.66,Afternoon,1,Distance-sensitive
U0605,35-44,Pedicure,37.65,Evening,0,Quick
U0606,25-34,Haircut,37.04,Weekend,1,Weekend
U0607,25-34,Pedicure,57.51,Evening,0,Distance-sensitive
U0608,25-34,Pedicure,17.22,Morning,1,Quick
U0609,25-34,Spa,78.33,Evening,1,Premium
U0610,25-34,Haircut,40.2,Evening,1,Distance-sensitive
U0611,25-34,Manicure,12.72,Afternoon,0,Budget
U0612,18-24,Pedicure,36.39,Weekend,1,Weekend
U0613,25-34,Manicure,19.01,Evening,0,Quick
U0614,25-34,Pedicure,26.9,Morning,0,Quick
U0615,35-44,Pedicure,77.12,Weekend,0,Weekend
U0616,25-34,Pedicure,49.09,Weekend,1,Weekend
U0617,35-44,Haircut,28.55,Morning,1,Budget
U0618,18-24,Pedicure,37.72,Morning,0,Quick
U0619,25-34,Manicure,25.77,Evening,1,Quick
U0620,18-24,Spa,69.16,Weekend,1,Weekend
U0621,45+,Haircut,73.28,Weekend,1,Weekend
U0622,25-34,Manicure,65.07,Weekend,0,Weekend
U0623,25-34,Manicure,24.89,Afternoon,1,Budget
U0624,25-34,Coloring,32.73,Afternoon,1,Distance-sensitive
U0625,45+,Haircut,15.18,Morning,0,Budget
U0626,25-34,Manicure,19.71,Morning,1,Quick
U0627,25-34,Pedicure,55.37,Morning,0,Distance-sensitive
U0628,18-24,Haircut,26.61,Evening,1,Quick
U0629,18-24,Spa,28.15,Morning,1,Distance-sensitive
U0630,18-24,Pedicure,32.3,Weekend,0,Weekend
U0631,25-34,Spa,47.7,Weekend,0,Weekend
U0632,18-24,Pedicure,18.25,Evening,1,Quick
U0633,25-34,Coloring,78.69,Weekend,1,Weekend
U0634,25-34,Coloring,142.5,Evening,0,Premium
U0635,25-34,Pedicure,34.36,Weekend,1,Weekend
U0636,25-34,Spa,34.28,Morning,1,Distance-sensitive
U0637,35-44,Spa,57.15,Weekend,1,Weekend
U0638,18-24,Pedicure,28.05,Evening,1,Quick
U0639,25-34,Spa,69.65,Weekend,1,Weekend
U0640,25-34,Haircut,43.54,Weekend,1,Weekend
U0641,25-34,Manicure,25.33,Morning,0,Budget
U0642,18-24,Haircut,25.72,Evening,1,Quick
U0643,25-34,Haircut,36.75,Weekend,0,Weekend
U0644,25-34,Coloring,68.76,Weekend,1,Premium
U0645,25-34,Coloring,26.05,Morning,0,Distance-sensitive
U0646,35-44,Manicure,20.43,Evening,0,Quick
U0647,25-34,Haircut,17.42,Evening,1,Quick
U0648,25-34,Manicure,28.1,Afternoon,0,Budget
U0649,18-24,Coloring,41.27,Afternoon,0,Distance-sensitive
U0650,18-24,Haircut,53.65,Morning,1,Distance-sensitive
U0651,25-34,Pedicure,21.14,Morning,1,Quick
U0652,18-24,Coloring,99.88,Evening,0,Premium
U0653,25-34,Manicure,33.16,Evening,1,Quick
U0654,45+,Haircut,18.76,Morning,0,Quick
U0655,35-44,Coloring,53.1,Evening,0,Premium
U0656,35-44,Coloring,77.55,Evening,1,Premium
U0657,18-24,Manicure,16.25,Afternoon,0,Budget
U0658,18-24,Coloring,56.01,Weekend,0,Weekend
U0659,25-34,Manicure,45.85,Weekend,1,Weekend
U0660,25-34,Coloring,140.45,Evening,1,Premium
U0661,35-44,Manicure,24.74,Morning,1,Quick
U0662,25-34,Coloring,52.53,Afternoon,1,Distance-sensitive
U0663,18-24,Coloring,55.91,Weekend,0,Premium
U0664,18-24,Pedicure,28.32,Weekend,1,Weekend
U0665,45+,Haircut,13.91,Afternoon,1,Budget
U0666,25-34,Manicure,40.22,Weekend,0,Weekend
U0667,25-34,Manicure,28.03,Morning,0,Quick
U0668,18-24,Manicure,57.65,Weekend,1,Weekend
U0669,25-34,Haircut,18.67,Afternoon,1,Budget
U0670,18-24,Spa,103.92,Weekend,1,Premium
U0671,18-24,Pedicure,44.37,Evening,1,Distance-sensitive
U0672,25-34,Spa,148.85,Evening,1,Premium
U0673,18-24,Haircut,30.84,Morning,0,Quick
U0674,25-34,Haircut,19.09,Afternoon,1,Budget
U0675,18-24,Haircut,25.76,Morning,0,Quick
U0676,18-24,Spa,51.79,Afternoon,0,Distance-sensitive
U0677,18-24,Coloring,60.42,Weekend,1,Premium
U0678,18-24,Haircut,24.86,Morning,0,Budget
U0679,18-24,Manicure,35.82,Morning,1,Quick
U0680,35-44,Manicure,24,Weekend,1,Weekend
U0681,35-44,Coloring,71.64,Weekend,0,Weekend
U0682,18-24,Manicure,49.32,Weekend,1,Weekend
U0683,45+,Pedicure,47.36,Afternoon,1,Distance-sensitive
U0684,45+,Manicure,15.31,Morning,1,Budget
U0685,35-44,Spa,79.69,Weekend,0,Weekend
U0686,45+,Pedicure,27.54,Evening,0,Quick
U0687,18-24,Coloring,125.22,Evening,0,Premium
U0688,25-34,Pedicure,42.42,Weekend,1,Weekend
U0689,25-34,Manicure,20.85,Afternoon,0,Budget
U0690,45+,Coloring,123.89,Evening,0,Premium
U0691,35-44,Coloring,41.43,Evening,1,Distance-sensitive
U0692,25-34,Spa,99.22,Weekend,1,Premium
U0693,18-24,Haircut,11.58,Afternoon,0,Budget
U0694,45+,Spa,59.15,Evening,0,Distance-sensitive
U0695,35-44,Haircut,10.23,Afternoon,0,Budget
U0696,25-34,Pedicure,51.95,Weekend,1,Weekend
U0697,25-34,Haircut,18.28,Afternoon,0,Budget
U0698,25-34,Manicure,26.88,Morning,0,Budget
U0699,25-34,Pedicure,15.3,Morning,1,Quick
U0700,25-34,Pedicure,22.27,Morning,1,Distance-sensitive
U0701,45+,Haircut,21.63,Evening,1,Quick
U0702,25-34,Manicure,16.41,Morning,0,Quick
U0703,45+,Manicure,18.94,Morning,0,Budget
U0704,35-44,Haircut,10.26,Afternoon,1,Budget
U0705,25-34,Pedicure,18.19,Evening,1,Quick
U0706,35-44,Spa,114.58,Weekend,1,Premium
U0707,18-24,Haircut,30.82,Evening,1,Distance-sensitive
U0708,18-24,Coloring,21.1,Weekend,0,Weekend
U0709,25-34,Coloring,130.32,Weekend,1,Premium
U0710,18-24,Spa,100.02,Weekend,1,Premium
U0711,18-24,Coloring,146.38,Evening,1,Premium
U0712,35-44,Spa,149.05,Weekend,1,Premium
U0713,18-24,Haircut,10.79,Afternoon,1,Budget
U0714,25-34,Haircut,26.53,Morning,1,Budget
U0715,18-24,Spa,108.79,Weekend,1,Premium
U0716,25-34,Haircut,20.56,Evening,0,Distance-sensitive
U0717,25-34,Spa,69.24,Weekend,1,Weekend
U0718,45+,Spa,65.09,Evening,0,Premium
U0719,25-34,Coloring,69.25,Weekend,0,Premium
U0720,25-34,Spa,132.52,Weekend,1,Premium
U0721,35-44,Pedicure,39.72,Morning,1,Quick
U0722,35-44,Coloring,38.42,Morning,1,Distance-sensitive
U0723,18-24,Manicure,47.17,Weekend,1,Weekend
U0724,18-24,Pedicure,24.68,Morning,0,Quick
U0725,25-34,Manicure,53.5,Evening,0,Distance-sensitive
U0726,35-44,Manicure,17.1,Morning,0,Budget
U0727,45+,Haircut,26.9,Morning,1,Budget
U0728,18-24,Coloring,45.62,Morning,1,Distance-sensitive
U0729,45+,Pedicure,22.12,Evening,0,Quick
U0730,35-44,Spa,29.45,Afternoon,0,Distance-sensitive
U0731,25-34,Haircut,40.65,Morning,1,Distance-sensitive
U0732,18-24,Haircut,47.89,Afternoon,0,Distance-sensitive
U0733,25-34,Haircut,16.12,Evening,1,Quick
U0734,45+,Coloring,59.13,Evening,1,Distance-sensitive
U0735,25-34,Spa,75.08,Evening,0,Premium
U0736,35-44,Manicure,21.13,Morning,0,Budget
U0737,45+,Manicure,29.93,Evening,1,Quick
U0738,18-24,Coloring,146.31,Evening,1,Premium
U0739,25-34,Haircut,42.87,Afternoon,0,Distance-sensitive
U0740,18-24,Spa,129.89,Evening,1,Premium
U0741,18-24,Manicure,32.14,Morning,1,Quick
U0742,18-24,Haircut,20.16,Morning,1,Budget
U0743,18-24,Haircut,49.8,Weekend,1,Weekend
U0744,18-24,Coloring,49.38,Weekend,1,Weekend
U0745,25-34,Manicure,33.17,Morning,1,Quick
U0746,35-44,Haircut,23.36,Evening,1,Distance-sensitive
U0747,18-24,Spa,60.04,Weekend,1,Weekend
U0748,35-44,Coloring,133.03,Evening,1,Premium
U0749,18-24,Haircut,29.86,Morning,1,Quick
U0750,18-24,Coloring,20.2,Afternoon,1,Distance-sensitive
U0751,25-34,Spa,38.58,Evening,0,Distance-sensitive
U0752,25-34,Manicure,21.05,Evening,1,Distance-sensitive
U0753,35-44,Haircut,11.37,Afternoon,0,Budget
U0754,25-34,Spa,55.31,Weekend,1,Weekend
U0755,35-44,Spa,77.63,Weekend,1,Weekend
U0756,18-24,Coloring,23.51,Morning,1,Distance-sensitive
U0757,25-34,Spa,78.33,Weekend,1,Weekend
U0758,25-34,Haircut,11.31,Afternoon,1,Budget
U0759,25-34,Pedicure,24.67,Weekend,0,Weekend
U0760,18-24,Haircut,38.76,Evening,1,Distance-sensitive
U0761,18-24,Manicure,66.67,Weekend,1,Weekend
U0762,35-44,Spa,144.46,Weekend,0,Premium
U0763,35-44,Haircut,24.84,Afternoon,1,Budget
U0764,25-34,Haircut,43.21,Weekend,1,Weekend
U0765,45+,Spa,65.2,Weekend,1,Premium
U0766,25-34,Coloring,97.39,Evening,0,Premium
U0767,35-44,Coloring,96.12,Evening,1,Premium
U0768,35-44,Pedicure,58.37,Morning,0,Distance-sensitive
U0769,35-44,Coloring,112.68,Weekend,0,Premium
U0770,18-24,Spa,76.03,Evening,1,Premium
U0771,25-34,Coloring,133.02,Evening,0,Premium
U0772,18-24,Pedicure,28.32,Evening,1,Quick
U0773,18-24,Manicure,10.23,Afternoon,0,Budget
U0774,35-44,Manicure,27.16,Morning,1,Budget
U0775,18-24,Pedicure,37.87,Evening,1,Quick
U0776,25-34,Coloring,33.99,Weekend,0,Weekend
U0777,25-34,Manicure,26.76,Afternoon,0,Budget
U0778,35-44,Pedicure,68.99,Weekend,0,Weekend
U0779,25-34,Manicure,17.03,Evening,0,Quick
U0780,35-44,Haircut,20.59,Morning,1,Budget
U0781,35-44,Pedicure,25.48,Evening,1,Quick
U0782,25-34,Haircut,18.45,Evening,1,Quick
U0783,25-34,Pedicure,44.98,Afternoon,1,Distance-sensitive
U0784,45+,Haircut,22.1,Morning,0,Budget
U0785,25-34,Spa,51.2,Evening,0,Distance-sensitive
U0786,18-24,Coloring,46.01,Afternoon,1,Distance-sensitive
U0787,18-24,Haircut,16.23,Evening,0,Quick
U0788,18-24,Haircut,16.45,Morning,0,Quick
U0789,18-24,Coloring,47.67,Afternoon,0,Distance-sensitive
U0790,45+,Coloring,24.17,Evening,1,Distance-sensitive
U0791,18-24,Haircut,36.21,Evening,1,Quick
U0792,18-24,Haircut,23.28,Evening,1,Quick
U0793,25-34,Coloring,108.2,Evening,1,Premium
U0794,25-34,Haircut,23.58,Morning,1,Budget
U0795,18-24,Haircut,21.64,Afternoon,1,Distance-sensitive
U0796,18-24,Manicure,11.74,Afternoon,1,Budget
U0797,18-24,Manicure,12.35,Morning,1,Budget
U0798,35-44,Coloring,139.62,Weekend,1,Premium
U0799,25-34,Manicure,35.29,Afternoon,1,Distance-sensitive
U0800,18-24,Coloring,52.12,Evening,1,Distance-sensitive
U0801,18-24,Haircut,16.98,Morning,0,Quick
U0802,25-34,Haircut,21.59,Morning,1,Quick
U0803,25-34,Haircut,23.81,Afternoon,0,Budget
U0804,45+,Haircut,40.97,Morning,0,Distance-sensitive
U0805,18-24,Haircut,28.64,Afternoon,1,Budget
U0806,18-24,Pedicure,21.36,Evening,0,Quick
U0807,25-34,Haircut,34.35,Evening,0,Distance-sensitive
U0808,45+,Haircut,47.04,Afternoon,1,Distance-sensitive
U0809,25-34,Coloring,88.03,Evening,1,Premium
U0810,35-44,Haircut,47.97,Evening,0,Distance-sensitive
U0811,35-44,Haircut,17.63,Morning,1,Budget
U0812,25-34,Spa,57.58,Weekend,1,Weekend
U0813,25-34,Haircut,11.07,Afternoon,1,Budget
U0814,25-34,Spa,52.76,Afternoon,1,Distance-sensitive
U0815,25-34,Coloring,73.17,Weekend,0,Premium
U0816,25-34,Coloring,21.2,Afternoon,0,Distance-sensitive
U0817,25-34,Haircut,28.98,Evening,1,Quick
U0818,18-24,Coloring,149.72,Weekend,1,Premium
U0819,35-44,Manicure,39.24,Evening,1,Quick
U0820,25-34,Spa,88.77,Evening,1,Premium
U0821,18-24,Manicure,38.54,Morning,0,Quick
U0822,35-44,Spa,149.16,Weekend,1,Premium
U0823,18-24,Pedicure,43.31,Weekend,1,Weekend
U0824,25-34,Haircut,41.57,Morning,0,Distance-sensitive
U0825,18-24,Haircut,19.43,Evening,1,Quick
U0826,25-34,Coloring,74.16,Weekend,1,Premium
U0827,25-34,Pedicure,65.06,Weekend,1,Weekend
U0828,35-44,Pedicure,66.05,Weekend,1,Weekend
U0829,18-24,Manicure,31.15,Evening,1,Distance-sensitive
U0830,18-24,Haircut,29.06,Evening,1,Distance-sensitive
U0831,35-44,Haircut,50.58,Weekend,1,Weekend
U0832,25-34,Manicure,17.33,Afternoon,1,Budget
U0833,45+,Spa,54.91,Evening,1,Distance-sensitive
U0834,18-24,Haircut,23.78,Morning,1,Budget
U0835,25-34,Coloring,56.91,Weekend,1,Weekend
U0836,45+,Pedicure,52.1,Afternoon,0,Distance-sensitive
U0837,25-34,Coloring,25.43,Morning,0,Distance-sensitive
U0838,18-24,Manicure,24.75,Weekend,1,Weekend
U0839,25-34,Haircut,19.08,Morning,1,Quick
U0840,35-44,Haircut,76.79,Weekend,1,Weekend
U0841,25-34,Spa,32.34,Weekend,0,Weekend
U0842,35-44,Pedicure,38.05,Evening,0,Quick
U0843,18-24,Manicure,23.2,Morning,1,Distance-sensitive
U0844,25-34,Haircut,34.55,Morning,1,Quick
U0845,18-24,Spa,48.56,Afternoon,1,Distance-sensitive
U0846,18-24,Haircut,28.62,Morning,0,Quick
U0847,25-34,Manicure,24.96,Afternoon,1,Budget
U0848,35-44,Manicure,31.27,Weekend,0,Weekend
U0849,25-34,Spa,25.28,Evening,1,Distance-sensitive
U0850,18-24,Haircut,11.57,Morning,0,Budget
U0851,25-34,Haircut,20.39,Evening,0,Distance-sensitive
U0852,25-34,Coloring,146.39,Weekend,0,Premium
U0853,25-34,Spa,70.7,Weekend,1,Premium
U0854,25-34,Coloring,144.87,Weekend,0,Premium
U0855,25-34,Manicure,50.96,Morning,1,Distance-sensitive
U0856,35-44,Manicure,23.21,Morning,1,Budget
U0857,25-34,Haircut,34.07,Weekend,1,Weekend
U0858,35-44,Manicure,16.57,Afternoon,1,Budget
U0859,18-24,Coloring,41.58,Morning,1,Distance-sensitive
U0860,25-34,Coloring,99.65,Evening,1,Premium
U0861,35-44,Manicure,37.55,Evening,1,Quick
U0862,18-24,Haircut,14.29,Afternoon,1,Budget
U0863,45+,Spa,37.1,Weekend,0,Weekend
U0864,18-24,Manicure,13.56,Afternoon,1,Budget
U0865,25-34,Manicure,16.04,Morning,0,Budget
U0866,35-44,Coloring,50.42,Weekend,1,Premium
U0867,35-44,Haircut,52.72,Weekend,0,Weekend
U0868,18-24,Pedicure,70.55,Weekend,0,Weekend
U0869,25-34,Manicure,19.2,Evening,0,Quick
U0870,35-44,Spa,112.56,Evening,0,Premium
U0871,25-34,Haircut,31.29,Morning,1,Distance-sensitive
U0872,45+,Haircut,24.75,Morning,1,Budget
U0873,35-44,Spa,132.79,Evening,1,Premium
U0874,18-24,Manicure,37.72,Morning,1,Quick
U0875,45+,Pedicure,34.23,Weekend,0,Weekend
U0876,25-34,Spa,141.2,Weekend,1,Premium
U0877,45+,Manicure,25.31,Morning,1,Budget
U0878,18-24,Pedicure,62.54,Weekend,0,Weekend
U0879,35-44,Manicure,59.92,Weekend,1,Weekend
U0880,25-34,Coloring,96.76,Evening,0,Premium
U0881,25-34,Manicure,39.81,Morning,1,Quick
U0882,25-34,Haircut,39.72,Afternoon,1,Distance-sensitive
U0883,25-34,Coloring,107.46,Weekend,1,Premium
U0884,18-24,Haircut,27.71,Afternoon,0,Budget
U0885,18-24,Haircut,18.07,Afternoon,1,Budget
U0886,35-44,Spa,79.65,Evening,0,Premium
U0887,35-44,Coloring,108.27,Weekend,1,Premium
U0888,25-34,Manicure,15.26,Morning,1,Quick
U0889,25-34,Manicure,34.65,Morning,1,Quick
U0890,25-34,Spa,27.98,Weekend,1,Weekend
U0891,18-24,Coloring,47.61,Evening,1,Distance-sensitive
U0892,18-24,Spa,20.18,Weekend,0,Weekend
U0893,25-34,Manicure,11.32,Afternoon,1,Budget
U0894,25-34,Coloring,47.23,Weekend,1,Weekend
U0895,25-34,Manicure,23.21,Afternoon,0,Budget
U0896,18-24,Manicure,24.78,Afternoon,0,Budget
U0897,25-34,Manicure,22.13,Afternoon,1,Budget
U0898,18-24,Haircut,29.69,Afternoon,1,Budget
U0899,18-24,Manicure,25.9,Evening,1,Quick
U0900,25-34,Manicure,27.48,Morning,0,Distance-sensitive
U0901,25-34,Pedicure,40.51,Weekend,1,Weekend
U0902,25-34,Pedicure,17.49,Morning,1,Quick
U0903,18-24,Spa,99.53,Weekend,1,Premium
U0904,45+,Manicure,17.15,Evening,1,Quick
U0905,25-34,Haircut,21.25,Afternoon,1,Budget
U0906,18-24,Haircut,16.48,Morning,1,Quick
U0907,25-34,Spa,120.76,Weekend,0,Premium
U0908,35-44,Manicure,70.5,Weekend,1,Weekend
U0909,35-44,Manicure,28.55,Afternoon,0,Budget
U0910,25-34,Manicure,36.63,Evening,1,Distance-sensitive
U0911,25-34,Coloring,62.42,Evening,0,Premium
U0912,35-44,Coloring,117,Evening,1,Premium
U0913,18-24,Manicure,62.12,Weekend,0,Weekend
U0914,25-34,Haircut,28.95,Evening,1,Quick
U0915,18-24,Manicure,29.04,Evening,0,Quick
U0916,25-34,Haircut,19.71,Afternoon,0,Budget
U0917,18-24,Haircut,34.58,Evening,0,Quick
U0918,18-24,Coloring,119.24,Evening,0,Premium
U0919,25-34,Haircut,59.42,Weekend,0,Weekend
U0920,25-34,Manicure,38.68,Afternoon,1,Distance-sensitive
U0921,25-34,Manicure,36.91,Evening,0,Distance-sensitive
U0922,25-34,Haircut,20.82,Morning,1,Budget
U0923,35-44,Coloring,137.88,Weekend,0,Premium
U0924,35-44,Haircut,22.18,Morning,1,Budget
U0925,45+,Manicure,55.34,Morning,1,Distance-sensitive
U0926,18-24,Manicure,22.43,Morning,1,Quick
U0927,45+,Coloring,73.85,Weekend,0,Premium
U0928,35-44,Manicure,27.72,Evening,1,Quick
U0929,45+,Spa,75.68,Weekend,0,Weekend
U0930,45+,Pedicure,42.53,Evening,1,Distance-sensitive
U0931,18-24,Manicure,10.24,Morning,0,Budget
U0932,25-34,Manicure,35.66,Evening,1,Distance-sensitive
U0933,35-44,Pedicure,23.34,Weekend,1,Weekend
U0934,18-24,Manicure,52.57,Afternoon,1,Distance-sensitive
U0935,25-34,Manicure,14.79,Morning,1,Budget
U0936,35-44,Haircut,28.4,Morning,0,Budget
U0937,18-24,Pedicure,25.56,Afternoon,0,Distance-sensitive
U0938,45+,Coloring,34.25,Weekend,1,Weekend
U0939,25-34,Manicure,19.77,Afternoon,1,Budget
U0940,18-24,Manicure,23.44,Afternoon,1,Budget
U0941,25-34,Haircut,37.13,Evening,0,Quick
U0942,18-24,Pedicure,42.88,Afternoon,1,Distance-sensitive
U0943,35-44,Spa,136.01,Evening,1,Premium
U0944,25-34,Manicure,54.22,Evening,0,Distance-sensitive
U0945,18-24,Pedicure,34.32,Morning,1,Quick
U0946,25-34,Coloring,45.59,Weekend,0,Weekend
U0947,18-24,Manicure,40.38,Weekend,1,Weekend
U0948,18-24,Manicure,38.5,Evening,0,Quick
U0949,18-24,Haircut,17.61,Morning,1,Budget
U0950,18-24,Spa,38.06,Evening,0,Distance-sensitive
U0951,45+,Spa,77.58,Evening,1,Premium
U0952,35-44,Haircut,18.66,Morning,1,Quick
U0953,18-24,Manicure,16.3,Afternoon,0,Budget
U0954,25-34,Manicure,27.46,Morning,1,Distance-sensitive
U0955,25-34,Coloring,31.43,Weekend,1,Weekend
U0956,18-24,Spa,64.53,Evening,1,Premium
U0957,35-44,Haircut,23.87,Morning,0,Budget
U0958,18-24,Manicure,24.85,Afternoon,1,Budget
U0959,35-44,Coloring,57.12,Weekend,1,Premium
U0960,18-24,Haircut,26.54,Afternoon,1,Budget
U0961,18-24,Spa,120,Evening,1,Premium
U0962,25-34,Haircut,12.32,Morning,1,Budget
U0963,25-34,Coloring,131.08,Evening,1,Premium
U0964,25-34,Pedicure,39.29,Weekend,0,Weekend
U0965,25-34,Manicure,11.94,Morning,0,Budget
U0966,35-44,Manicure,16.54,Afternoon,0,Budget
U0967,25-34,Manicure,25.26,Afternoon,1,Budget
U0968,18-24,Haircut,18.53,Afternoon,0,Budget
U0969,25-34,Pedicure,25.45,Morning,0,Quick
U0970,25-34,Pedicure,22.98,Morning,1,Distance-sensitive
U0971,18-24,Spa,100.66,Weekend,1,Premium
U0972,25-34,Manicure,23.65,Morning,0,Distance-sensitive
U0973,18-24,Manicure,32.94,Evening,0,Distance-sensitive
U0974,25-34,Haircut,28.19,Morning,1,Budget
U0975,35-44,Pedicure,29.49,Afternoon,1,Distance-sensitive
U0976,18-24,Manicure,11.37,Afternoon,1,Budget
U0977,25-34,Spa,50.08,Evening,0,Distance-sensitive
U0978,18-24,Spa,135.61,Evening,1,Premium
U0979,35-44,Pedicure,29.06,Morning,1,Quick
U0980,18-24,Spa,60.83,Weekend,1,Weekend
U0981,35-44,Haircut,30.16,Morning,0,Distance-sensitive
U0982,25-34,Coloring,68.57,Weekend,1,Weekend
U0983,25-34,Pedicure,32.82,Morning,1,Quick
U0984,25-34,Haircut,61.59,Weekend,1,Weekend
U0985,35-44,Haircut,12.26,Afternoon,1,Budget
U0986,18-24,Pedicure,52.45,Morning,0,Distance-sensitive
U0987,25-34,Coloring,20.46,Afternoon,1,Distance-sensitive
U0988,25-34,Haircut,18.66,Morning,0,Quick
U0989,25-34,Haircut,21.78,Evening,0,Quick
U0990,25-34,Manicure,28.22,Morning,0,Budget
U0991,18-24,Spa,48.78,Evening,1,Distance-sensitive
U0992,45+,Manicure,17.07,Morning,1,Quick
U0993,25-34,Manicure,19.17,Afternoon,1,Budget
U0994,25-34,Haircut,32.81,Morning,0,Quick
U0995,25-34,Haircut,21.91,Afternoon,1,Budget
U0996,25-34,Coloring,91.36,Evening,0,Premium
U0997,25-34,Manicure,31.46,Afternoon,1,Distance-sensitive
U0998,18-24,Haircut,39.24,Evening,0,Quick
U0999,25-34,Manicure,17.05,Afternoon,0,Budget
U1000,18-24,Spa,72.19,Weekend,0,Premium